SET CONSTRAINTS ALL DEFERRED;
BEGIN TRANSACTION;
CREATE TABLE IF NOT EXISTS "auth_group_permissions" ("id" SERIAL PRIMARY KEY, "group_id" integer NOT NULL REFERENCES "auth_group" ("id") DEFERRABLE INITIALLY DEFERRED, "permission_id" integer NOT NULL REFERENCES "auth_permission" ("id") DEFERRABLE INITIALLY DEFERRED);
CREATE TABLE IF NOT EXISTS "auth_user_groups" ("id" SERIAL PRIMARY KEY, "user_id" integer NOT NULL REFERENCES "auth_user" ("id") DEFERRABLE INITIALLY DEFERRED, "group_id" integer NOT NULL REFERENCES "auth_group" ("id") DEFERRABLE INITIALLY DEFERRED);
CREATE TABLE IF NOT EXISTS "auth_user_user_permissions" ("id" SERIAL PRIMARY KEY, "user_id" integer NOT NULL REFERENCES "auth_user" ("id") DEFERRABLE INITIALLY DEFERRED, "permission_id" integer NOT NULL REFERENCES "auth_permission" ("id") DEFERRABLE INITIALLY DEFERRED);
CREATE TABLE IF NOT EXISTS "django_admin_log" ("id" SERIAL PRIMARY KEY, "object_id" text NULL, "object_repr" varchar(200) NOT NULL, "action_flag" smallint  NOT NULL CHECK ("action_flag" >= 0), "change_message" text NOT NULL, "content_type_id" integer NULL REFERENCES "django_content_type" ("id") DEFERRABLE INITIALLY DEFERRED, "user_id" integer NOT NULL REFERENCES "auth_user" ("id") DEFERRABLE INITIALLY DEFERRED, "action_time" datetime NOT NULL);
CREATE TABLE IF NOT EXISTS "django_content_type" ("id" SERIAL PRIMARY KEY, "app_label" varchar(100) NOT NULL, "model" varchar(100) NOT NULL);
INSERT INTO django_content_type VALUES(1,'admin','logentry');
INSERT INTO django_content_type VALUES(2,'auth','permission');
INSERT INTO django_content_type VALUES(3,'auth','group');
INSERT INTO django_content_type VALUES(4,'auth','user');
INSERT INTO django_content_type VALUES(5,'contenttypes','contenttype');
INSERT INTO django_content_type VALUES(6,'sessions','session');
INSERT INTO django_content_type VALUES(7,'student','branch');
INSERT INTO django_content_type VALUES(8,'student','student');
INSERT INTO django_content_type VALUES(9,'student','attendance');
INSERT INTO django_content_type VALUES(10,'faculty','semester');
INSERT INTO django_content_type VALUES(11,'faculty','schedule');
INSERT INTO django_content_type VALUES(12,'faculty','subject');
INSERT INTO django_content_type VALUES(13,'faculty','department');
INSERT INTO django_content_type VALUES(14,'faculty','employee');
INSERT INTO django_content_type VALUES(15,'faculty','classtime');
INSERT INTO django_content_type VALUES(16,'faculty','role');
INSERT INTO django_content_type VALUES(17,'faculty','workingdays');
INSERT INTO django_content_type VALUES(18,'faculty','notice');
INSERT INTO django_content_type VALUES(19,'faculty','sessionalmarks');
INSERT INTO django_content_type VALUES(20,'faculty','sessional');
CREATE TABLE IF NOT EXISTS "auth_permission" ("id" SERIAL PRIMARY KEY, "content_type_id" integer NOT NULL REFERENCES "django_content_type" ("id") DEFERRABLE INITIALLY DEFERRED, "codename" varchar(100) NOT NULL, "name" varchar(255) NOT NULL);
INSERT INTO auth_permission VALUES(1,1,'add_logentry','Can add log entry');
INSERT INTO auth_permission VALUES(2,1,'change_logentry','Can change log entry');
INSERT INTO auth_permission VALUES(3,1,'delete_logentry','Can delete log entry');
INSERT INTO auth_permission VALUES(4,1,'view_logentry','Can view log entry');
INSERT INTO auth_permission VALUES(5,2,'add_permission','Can add permission');
INSERT INTO auth_permission VALUES(6,2,'change_permission','Can change permission');
INSERT INTO auth_permission VALUES(7,2,'delete_permission','Can delete permission');
INSERT INTO auth_permission VALUES(8,2,'view_permission','Can view permission');
INSERT INTO auth_permission VALUES(9,3,'add_group','Can add group');
INSERT INTO auth_permission VALUES(10,3,'change_group','Can change group');
INSERT INTO auth_permission VALUES(11,3,'delete_group','Can delete group');
INSERT INTO auth_permission VALUES(12,3,'view_group','Can view group');
INSERT INTO auth_permission VALUES(13,4,'add_user','Can add user');
INSERT INTO auth_permission VALUES(14,4,'change_user','Can change user');
INSERT INTO auth_permission VALUES(15,4,'delete_user','Can delete user');
INSERT INTO auth_permission VALUES(16,4,'view_user','Can view user');
INSERT INTO auth_permission VALUES(17,5,'add_contenttype','Can add content type');
INSERT INTO auth_permission VALUES(18,5,'change_contenttype','Can change content type');
INSERT INTO auth_permission VALUES(19,5,'delete_contenttype','Can delete content type');
INSERT INTO auth_permission VALUES(20,5,'view_contenttype','Can view content type');
INSERT INTO auth_permission VALUES(21,6,'add_session','Can add session');
INSERT INTO auth_permission VALUES(22,6,'change_session','Can change session');
INSERT INTO auth_permission VALUES(23,6,'delete_session','Can delete session');
INSERT INTO auth_permission VALUES(24,6,'view_session','Can view session');
INSERT INTO auth_permission VALUES(25,7,'add_branch','Can add branch');
INSERT INTO auth_permission VALUES(26,7,'change_branch','Can change branch');
INSERT INTO auth_permission VALUES(27,7,'delete_branch','Can delete branch');
INSERT INTO auth_permission VALUES(28,7,'view_branch','Can view branch');
INSERT INTO auth_permission VALUES(29,8,'add_student','Can add student');
INSERT INTO auth_permission VALUES(30,8,'change_student','Can change student');
INSERT INTO auth_permission VALUES(31,8,'delete_student','Can delete student');
INSERT INTO auth_permission VALUES(32,8,'view_student','Can view student');
INSERT INTO auth_permission VALUES(33,9,'add_attendance','Can add attendance');
INSERT INTO auth_permission VALUES(34,9,'change_attendance','Can change attendance');
INSERT INTO auth_permission VALUES(35,9,'delete_attendance','Can delete attendance');
INSERT INTO auth_permission VALUES(36,9,'view_attendance','Can view attendance');
INSERT INTO auth_permission VALUES(37,10,'add_semester','Can add semester');
INSERT INTO auth_permission VALUES(38,10,'change_semester','Can change semester');
INSERT INTO auth_permission VALUES(39,10,'delete_semester','Can delete semester');
INSERT INTO auth_permission VALUES(40,10,'view_semester','Can view semester');
INSERT INTO auth_permission VALUES(41,11,'add_schedule','Can add schedule');
INSERT INTO auth_permission VALUES(42,11,'change_schedule','Can change schedule');
INSERT INTO auth_permission VALUES(43,11,'delete_schedule','Can delete schedule');
INSERT INTO auth_permission VALUES(44,11,'view_schedule','Can view schedule');
INSERT INTO auth_permission VALUES(45,12,'add_subject','Can add subject');
INSERT INTO auth_permission VALUES(46,12,'change_subject','Can change subject');
INSERT INTO auth_permission VALUES(47,12,'delete_subject','Can delete subject');
INSERT INTO auth_permission VALUES(48,12,'view_subject','Can view subject');
INSERT INTO auth_permission VALUES(49,13,'add_department','Can add department');
INSERT INTO auth_permission VALUES(50,13,'change_department','Can change department');
INSERT INTO auth_permission VALUES(51,13,'delete_department','Can delete department');
INSERT INTO auth_permission VALUES(52,13,'view_department','Can view department');
INSERT INTO auth_permission VALUES(53,14,'add_employee','Can add employee');
INSERT INTO auth_permission VALUES(54,14,'change_employee','Can change employee');
INSERT INTO auth_permission VALUES(55,14,'delete_employee','Can delete employee');
INSERT INTO auth_permission VALUES(56,14,'view_employee','Can view employee');
INSERT INTO auth_permission VALUES(57,15,'add_classtime','Can add class time');
INSERT INTO auth_permission VALUES(58,15,'change_classtime','Can change class time');
INSERT INTO auth_permission VALUES(59,15,'delete_classtime','Can delete class time');
INSERT INTO auth_permission VALUES(60,15,'view_classtime','Can view class time');
INSERT INTO auth_permission VALUES(61,16,'add_role','Can add role');
INSERT INTO auth_permission VALUES(62,16,'change_role','Can change role');
INSERT INTO auth_permission VALUES(63,16,'delete_role','Can delete role');
INSERT INTO auth_permission VALUES(64,16,'view_role','Can view role');
INSERT INTO auth_permission VALUES(65,17,'add_workingdays','Can add working days');
INSERT INTO auth_permission VALUES(66,17,'change_workingdays','Can change working days');
INSERT INTO auth_permission VALUES(67,17,'delete_workingdays','Can delete working days');
INSERT INTO auth_permission VALUES(68,17,'view_workingdays','Can view working days');
INSERT INTO auth_permission VALUES(69,18,'add_notice','Can add notice');
INSERT INTO auth_permission VALUES(70,18,'change_notice','Can change notice');
INSERT INTO auth_permission VALUES(71,18,'delete_notice','Can delete notice');
INSERT INTO auth_permission VALUES(72,18,'view_notice','Can view notice');
INSERT INTO auth_permission VALUES(73,19,'add_sessionalmarks','Can add sessional marks');
INSERT INTO auth_permission VALUES(74,19,'change_sessionalmarks','Can change sessional marks');
INSERT INTO auth_permission VALUES(75,19,'delete_sessionalmarks','Can delete sessional marks');
INSERT INTO auth_permission VALUES(76,19,'view_sessionalmarks','Can view sessional marks');
INSERT INTO auth_permission VALUES(77,20,'add_sessional','Can add sessional');
INSERT INTO auth_permission VALUES(78,20,'change_sessional','Can change sessional');
INSERT INTO auth_permission VALUES(79,20,'delete_sessional','Can delete sessional');
INSERT INTO auth_permission VALUES(80,20,'view_sessional','Can view sessional');
CREATE TABLE IF NOT EXISTS "faculty_semester" ("id" SERIAL PRIMARY KEY, "name" varchar(50) NOT NULL);
INSERT INTO faculty_semester VALUES(1,'1st sem');
INSERT INTO faculty_semester VALUES(2,'2nd sem');
INSERT INTO faculty_semester VALUES(3,'3rd sem');
INSERT INTO faculty_semester VALUES(4,'4th sem');
INSERT INTO faculty_semester VALUES(5,'5th sem');
INSERT INTO faculty_semester VALUES(6,'6th sem');
INSERT INTO faculty_semester VALUES(7,'7th sem');
INSERT INTO faculty_semester VALUES(8,'8th sem');
CREATE TABLE IF NOT EXISTS "faculty_department" ("id" SERIAL PRIMARY KEY, "name" varchar(50) NOT NULL);
INSERT INTO faculty_department VALUES(1,'IT');
INSERT INTO faculty_department VALUES(2,'CE');
INSERT INTO faculty_department VALUES(3,'ME');
INSERT INTO faculty_department VALUES(4,'ASAH');
CREATE TABLE IF NOT EXISTS "faculty_classtime" ("id" SERIAL PRIMARY KEY, "start_time" varchar(50) NOT NULL, "end_time" varchar(50) NOT NULL);
INSERT INTO faculty_classtime VALUES(1,'09:30','10:20');
INSERT INTO faculty_classtime VALUES(2,'10:20','11:10');
INSERT INTO faculty_classtime VALUES(3,'11:10','12:00');
INSERT INTO faculty_classtime VALUES(4,'12:00','12:50');
INSERT INTO faculty_classtime VALUES(5,'12:50','02:20');
INSERT INTO faculty_classtime VALUES(6,'02:20','04:00');
INSERT INTO faculty_classtime VALUES(7,'04:00','05:00');
CREATE TABLE IF NOT EXISTS "faculty_role" ("id" SERIAL PRIMARY KEY, "name" varchar(50) NOT NULL);
INSERT INTO faculty_role VALUES(1,'Director');
INSERT INTO faculty_role VALUES(2,'HOD');
INSERT INTO faculty_role VALUES(3,'Faculty');
INSERT INTO faculty_role VALUES(4,'Other');
CREATE TABLE IF NOT EXISTS "faculty_workingdays" ("id" SERIAL PRIMARY KEY, "day" varchar(50) NOT NULL);
INSERT INTO faculty_workingdays VALUES(1,'Monday');
INSERT INTO faculty_workingdays VALUES(2,'Tuesday');
INSERT INTO faculty_workingdays VALUES(3,'Wednesday');
INSERT INTO faculty_workingdays VALUES(4,'Thursday');
INSERT INTO faculty_workingdays VALUES(5,'Friday');
INSERT INTO faculty_workingdays VALUES(6,'Saturday');
CREATE TABLE IF NOT EXISTS "faculty_employee" ("id" SERIAL PRIMARY KEY, "name" varchar(100) NOT NULL, "mobile_no" varchar(15) NULL, "email" varchar(254) NULL, "department_id" bigint NOT NULL REFERENCES "faculty_department" ("id") DEFERRABLE INITIALLY DEFERRED, "role_id" bigint NOT NULL REFERENCES "faculty_role" ("id") DEFERRABLE INITIALLY DEFERRED, "user_id" integer NULL UNIQUE REFERENCES "auth_user" ("id") DEFERRABLE INITIALLY DEFERRED, "dob" date NULL, "father_name" varchar(100) NULL, "joining_date" date NULL, "mother_name" varchar(100) NULL);
INSERT INTO faculty_employee VALUES(1,'Tauseef Ahmad','7417626545','tauseefahmad@zhcet.ac.in',1,2,5,NULL,NULL,NULL,NULL);
INSERT INTO faculty_employee VALUES(9,'Dr. Pramod Kumar Srivastava',NULL,'pramod.srivastava@recazamgarh.ac.in',1,3,13,NULL,NULL,NULL,NULL);
INSERT INTO faculty_employee VALUES(10,'Mr. Mahesh Kumar Vishwakarma',NULL,'mahesh.vishwakarma@recazamgarh.ac.in',1,3,14,NULL,NULL,NULL,NULL);
INSERT INTO faculty_employee VALUES(12,'Dr. Ashok Kumar Yadav',NULL,'ashok.yadav@recazamgarh.ac.in',1,3,16,NULL,NULL,NULL,NULL);
INSERT INTO faculty_employee VALUES(13,'Mr. Manjeet Kumar Jaiswar',NULL,'manjeet.jaiswar@recazamgarh.ac.in',1,3,17,NULL,NULL,NULL,NULL);
INSERT INTO faculty_employee VALUES(14,'Mr. Sanjay Kumar',NULL,'sanjay.kumar@recazamgarh.ac.in',1,3,18,NULL,NULL,NULL,NULL);
INSERT INTO faculty_employee VALUES(15,'Mr. Ahmad Hasan','1234567890','ahmad.hasan@recazamgarh.ac.in',1,3,19,'2021-01-11','Ankit Sharma','2024-05-01','Aaru');
INSERT INTO faculty_employee VALUES(16,'ANKIT SHARMA',NULL,'ank123@gmail.com',1,3,215,NULL,NULL,NULL,NULL);
INSERT INTO faculty_employee VALUES(17,'Aditya SHARMA',NULL,'aditya@123.com',1,3,216,NULL,NULL,NULL,NULL);
CREATE TABLE IF NOT EXISTS "faculty_subject" ("id" SERIAL PRIMARY KEY, "code" varchar(10) NOT NULL, "name" varchar(100) NOT NULL, "semester_id" bigint NOT NULL REFERENCES "faculty_semester" ("id") DEFERRABLE INITIALLY DEFERRED, "employee_name_id" bigint NULL REFERENCES "faculty_employee" ("id") DEFERRABLE INITIALLY DEFERRED, "subject_Type" varchar(50) NOT NULL, "branch_id" bigint NOT NULL REFERENCES "faculty_department" ("id") DEFERRABLE INITIALLY DEFERRED);
INSERT INTO faculty_subject VALUES(20,'BVE401','Ethics',4,9,'Theory',1);
INSERT INTO faculty_subject VALUES(21,'BCS401','Operating System',4,1,'Theory',1);
INSERT INTO faculty_subject VALUES(23,'BCS403','Object Oriented Programming with Java',4,12,'Theory',1);
INSERT INTO faculty_subject VALUES(24,'BCC402','Python Programming',4,13,'Theory',1);
INSERT INTO faculty_subject VALUES(25,'BCS451','Operating Systems Lab',4,14,'Theory',1);
INSERT INTO faculty_subject VALUES(26,'BCS452','Object Oriented Programming with Java Lab',4,15,'Theory',1);
INSERT INTO faculty_subject VALUES(27,'BCS453','Cyber Security Workshop',4,12,'Theory',1);
DELETE FROM sqlite_sequence;
INSERT INTO sqlite_sequence VALUES('django_migrations',53);
INSERT INTO sqlite_sequence VALUES('django_admin_log',1775);
INSERT INTO sqlite_sequence VALUES('django_content_type',20);
INSERT INTO sqlite_sequence VALUES('auth_permission',80);
INSERT INTO sqlite_sequence VALUES('auth_group',0);
INSERT INTO sqlite_sequence VALUES('auth_user',216);
INSERT INTO sqlite_sequence VALUES('faculty_semester',8);
INSERT INTO sqlite_sequence VALUES('faculty_department',4);
INSERT INTO sqlite_sequence VALUES('faculty_classtime',7);
INSERT INTO sqlite_sequence VALUES('student_attendance',1706);
INSERT INTO sqlite_sequence VALUES('faculty_role',4);
INSERT INTO sqlite_sequence VALUES('faculty_notice',4);
INSERT INTO sqlite_sequence VALUES('faculty_sessional',2);
INSERT INTO sqlite_sequence VALUES('faculty_sessionalmarks',239);
INSERT INTO sqlite_sequence VALUES('faculty_workingdays',6);
INSERT INTO sqlite_sequence VALUES('faculty_schedule',374);
INSERT INTO sqlite_sequence VALUES('student_student',196);
INSERT INTO sqlite_sequence VALUES('faculty_employee',17);
INSERT INTO sqlite_sequence VALUES('faculty_subject',28);
CREATE UNIQUE INDEX "auth_group_permissions_group_id_permission_id_0cd325b0_uniq" ON "auth_group_permissions" ("group_id", "permission_id");
CREATE INDEX "auth_group_permissions_group_id_b120cbf9" ON "auth_group_permissions" ("group_id");
CREATE INDEX "auth_group_permissions_permission_id_84c5c92e" ON "auth_group_permissions" ("permission_id");
CREATE UNIQUE INDEX "auth_user_groups_user_id_group_id_94350c0c_uniq" ON "auth_user_groups" ("user_id", "group_id");
CREATE INDEX "auth_user_groups_user_id_6a12ed8b" ON "auth_user_groups" ("user_id");
CREATE INDEX "auth_user_groups_group_id_97559544" ON "auth_user_groups" ("group_id");
CREATE UNIQUE INDEX "auth_user_user_permissions_user_id_permission_id_14a6b632_uniq" ON "auth_user_user_permissions" ("user_id", "permission_id");
CREATE INDEX "auth_user_user_permissions_user_id_a95ead1b" ON "auth_user_user_permissions" ("user_id");
CREATE INDEX "auth_user_user_permissions_permission_id_1fbb5f2c" ON "auth_user_user_permissions" ("permission_id");
CREATE INDEX "django_admin_log_content_type_id_c4bce8eb" ON "django_admin_log" ("content_type_id");
CREATE INDEX "django_admin_log_user_id_c564eba6" ON "django_admin_log" ("user_id");
CREATE UNIQUE INDEX "django_content_type_app_label_model_76bd3d3b_uniq" ON "django_content_type" ("app_label", "model");
CREATE UNIQUE INDEX "auth_permission_content_type_id_codename_01ab375a_uniq" ON "auth_permission" ("content_type_id", "codename");
CREATE INDEX "auth_permission_content_type_id_2f476e4b" ON "auth_permission" ("content_type_id");
CREATE INDEX "django_session_expire_date_a5c62663" ON "django_session" ("expire_date");
CREATE INDEX "student_attendance_Semester_id_a25540e2" ON "student_attendance" ("Semester_id");
CREATE INDEX "student_attendance_deparment_id_c8979091" ON "student_attendance" ("deparment_id");
CREATE INDEX "student_attendance_student_id_04f80790" ON "student_attendance" ("student_id");
CREATE INDEX "student_attendance_subject_id_cbdc2dfe" ON "student_attendance" ("subject_id");
CREATE INDEX "student_attendance_classTime_id_5625775b" ON "student_attendance" ("classTime_id");
CREATE INDEX "faculty_notice_by_id_601fcbf7" ON "faculty_notice" ("by_id");
CREATE INDEX "faculty_notice_category_id_c9d2744a" ON "faculty_notice" ("category_id");
CREATE INDEX "faculty_notice_who_id_ff676258" ON "faculty_notice" ("who_id");
CREATE INDEX "faculty_sessionalmarks_faculty_id_09b34e8c" ON "faculty_sessionalmarks" ("faculty_id");
CREATE INDEX "faculty_sessionalmarks_student_id_97c83b68" ON "faculty_sessionalmarks" ("student_id");
CREATE INDEX "faculty_sessionalmarks_subject_id_d2c84e4d" ON "faculty_sessionalmarks" ("subject_id");
CREATE INDEX "faculty_sessionalmarks_dept_id_0fa31f2e" ON "faculty_sessionalmarks" ("dept_id");
CREATE INDEX "faculty_sessionalmarks_sem_id_f854bfb8" ON "faculty_sessionalmarks" ("sem_id");
CREATE INDEX "faculty_sessionalmarks_sessionalno_id_530a58d0" ON "faculty_sessionalmarks" ("sessionalno_id");
CREATE INDEX "faculty_schedule_department_id_b5d4c04b" ON "faculty_schedule" ("department_id");
CREATE INDEX "faculty_schedule_employee_name_id_c5ffb1d7" ON "faculty_schedule" ("employee_name_id");
CREATE INDEX "faculty_schedule_semester_id_ad263636" ON "faculty_schedule" ("semester_id");
CREATE INDEX "faculty_schedule_subject_id_0f60ecf3" ON "faculty_schedule" ("subject_id");
CREATE INDEX "faculty_schedule_time_id_ef9b47f3" ON "faculty_schedule" ("time_id");
CREATE INDEX "faculty_schedule_day_id_b81ae457" ON "faculty_schedule" ("day_id");
CREATE INDEX "student_student_branch_id_fcca03f9" ON "student_student" ("branch_id");
CREATE INDEX "student_student_semester_id_91ee32dd" ON "student_student" ("semester_id");
CREATE INDEX "faculty_employee_department_id_ce2fc388" ON "faculty_employee" ("department_id");
CREATE INDEX "faculty_employee_role_id_c608064f" ON "faculty_employee" ("role_id");
CREATE INDEX "faculty_subject_semester_id_284d04e3" ON "faculty_subject" ("semester_id");
CREATE INDEX "faculty_subject_employee_name_id_c7e532db" ON "faculty_subject" ("employee_name_id");
CREATE INDEX "faculty_subject_branch_id_da903da4" ON "faculty_subject" ("branch_id");
COMMIT;
